"Bairro";"Sexo";"Data.Nascimento";"Estado.Nasc";"Estado_civil";"Cidade";"Curso_UCSAL";"ESCOLA.DE.Origem";"Classe"
"ACUPE";"MASCULINO";"Entre 15 a 19 anos";"BA";"SOLTEIRO";"SALVADOR";"BES";"NAO INFORMADO";"D"
"ACUPE";"MASCULINO";"Entre 15 a 19 anos";"BA";"SOLTEIRO";"SALVADOR";"BES";"PRIVADA";"D"
"AGUAS CLARAS";"MASCULINO";"Entre 25 a 29 anos";"BA";"SOLTEIRO";"SALVADOR";"ADS";"PUBLICA";"E"
"AGUAS CLARAS";"MASCULINO";"Entre 20 a 24 anos";"BA";"UNIAO ESTAVEL";"SALVADOR";"SI";"NAO INFORMADO";"E"
"AGUAS CLARAS";"MASCULINO";"Entre 20 a 24 anos";"BA";"SOLTEIRO";"SALVADOR";"ADS";"PUBLICA";"E"
"ALTO DO CABRITO";"MASCULINO";"Entre 25 a 29 anos";"BA";"SOLTEIRO";"SALVADOR";"BES";"PUBLICA";"E"
"ALTO DO CABRITO";"MASCULINO";"Entre 25 a 29 anos";"BA";"SOLTEIRO";"SALVADOR";"SI";"PUBLICA";"E"
"AMARALINA";"MASCULINO";"Acima de 34 anos";"BA";"SOLTEIRO";"SALVADOR";"ADS";"PUBLICA";"D"
"AMARALINA";"MASCULINO";"Entre 15 a 19 anos";"BA";"SOLTEIRO";"SALVADOR";"ADS";"NAO INFORMADO";"D"
"ARACATIBA";"MASCULINO";"Acima de 34 anos";"BA";"SOLTEIRO";"OUTRAS CIDADES";"ADS";"PUBLICA";"CNI"
"ARRAIAL DO RETIRO";"MASCULINO";"Acima de 34 anos";"BA";"SOLTEIRO";"SALVADOR";"ADS";"NAO INFORMADO";"E"
"BAIXA DE QUINTAS";"MASCULINO";"Entre 30 a 34 anos";"BA";"UNIAO ESTAVEL";"SALVADOR";"BES";"PUBLICA";"E"
"BARBALHO";"MASCULINO";"Entre 20 a 24 anos";"BA";"SOLTEIRO";"SALVADOR";"SI";"PRIVADA";"E"
"BARBALHO";"FEMININO";"Entre 25 a 29 anos";"BA";"SOLTEIRO";"SALVADOR";"ADS";"NAO INFORMADO";"E"
"BARBALHO";"MASCULINO";"Entre 25 a 29 anos";"BA";"SOLTEIRO";"SALVADOR";"ADS";"PUBLICA";"E"
"BARRA";"MASCULINO";"Entre 15 a 19 anos";"BA";"SOLTEIRO";"SALVADOR";"BES";"NAO INFORMADO";"C"
"BARREIRAS";"MASCULINO";"Entre 20 a 24 anos";"BA";"SOLTEIRO";"SALVADOR";"ADS";"PRIVADA";"E"
"BARRIS";"MASCULINO";"Entre 25 a 29 anos";"BA";"SOLTEIRO";"SALVADOR";"SI";"PRIVADA";"D"
"BARRIS";"MASCULINO";"Entre 25 a 29 anos";"BA";"SOLTEIRO";"SALVADOR";"ADS";"NAO INFORMADO";"D"
"BEIRU/TANCREDO NEVES";"MASCULINO";"Entre 30 a 34 anos";"BA";"CASADO";"SALVADOR";"BES";"PUBLICA";"E"
"BEIRU/TANCREDO NEVES";"MASCULINO";"Entre 20 a 24 anos";"BA";"SOLTEIRO";"SALVADOR";"ADS";"PUBLICA";"E"
"BEIRU/TANCREDO NEVES";"MASCULINO";"Acima de 34 anos";"BA";"SOLTEIRO";"SALVADOR";"ADS";"NAO INFORMADO";"E"
"BEIRU/TANCREDO NEVES";"FEMININO";"Entre 25 a 29 anos";"BA";"SOLTEIRO";"SALVADOR";"BES";"PUBLICA";"E"
"BEIRU/TANCREDO NEVES";"MASCULINO";"Entre 20 a 24 anos";"BA";"SOLTEIRO";"SALVADOR";"SI";"NAO INFORMADO";"E"
"BEIRU/TANCREDO NEVES";"MASCULINO";"Entre 20 a 24 anos";"BA";"SOLTEIRO";"SALVADOR";"ADS";"PUBLICA";"E"
"BOCA DO RIO";"MASCULINO";"Entre 20 a 24 anos";"BA";"SOLTEIRO";"SALVADOR";"SI";"PUBLICA";"E"
"BOCA DO RIO";"MASCULINO";"Entre 15 a 19 anos";"BA";"SOLTEIRO";"SALVADOR";"BES";"NAO INFORMADO";"E"
"BOCA DO RIO";"MASCULINO";"Entre 20 a 24 anos";"BA";"SOLTEIRO";"SALVADOR";"ADS";"PUBLICA";"E"
"BOCA DO RIO";"MASCULINO";"Entre 20 a 24 anos";"BA";"SOLTEIRO";"SALVADOR";"BES";"PUBLICA";"E"
"BOCA DO RIO";"MASCULINO";"Entre 15 a 19 anos";"BA";"SOLTEIRO";"SALVADOR";"BES";"NAO INFORMADO";"E"
"BOM DESPACHO";"MASCULINO";"Entre 15 a 19 anos";"BA";"SOLTEIRO";"OUTRAS CIDADES";"BES";"NAO INFORMADO";"CNI"
"BONFIM";"MASCULINO";"Entre 20 a 24 anos";"BA";"SOLTEIRO";"SALVADOR";"BES";"PUBLICA";"E"
"BRASILIA";"MASCULINO";"Entre 20 a 24 anos";"BA";"SOLTEIRO";"OUTRAS CIDADES";"ADS";"PUBLICA";"CNI"
"BROTAS";"MASCULINO";"Entre 20 a 24 anos";"BA";"SOLTEIRO";"SALVADOR";"ADS";"PRIVADA";"D"
"BROTAS";"MASCULINO";"Entre 20 a 24 anos";"BA";"SOLTEIRO";"SALVADOR";"BES";"PRIVADA";"D"
"BROTAS";"FEMININO";"Entre 20 a 24 anos";"BA";"SOLTEIRO";"SALVADOR";"BES";"PUBLICA";"D"
"BROTAS";"MASCULINO";"Entre 20 a 24 anos";"BA";"SOLTEIRO";"SALVADOR";"ADS";"PRIVADA";"D"
"BROTAS";"MASCULINO";"Acima de 34 anos";"BA";"DIVORCIADO";"SALVADOR";"BES";"PRIVADA";"D"
"BROTAS";"MASCULINO";"Acima de 34 anos";"BA";"SOLTEIRO";"SALVADOR";"SI";"NAO INFORMADO";"D"
"BROTAS";"MASCULINO";"Entre 15 a 19 anos";"BA";"SOLTEIRO";"SALVADOR";"BES";"NAO INFORMADO";"D"
"BROTAS";"MASCULINO";"Entre 30 a 34 anos";"BA";"SOLTEIRO";"SALVADOR";"ADS";"PUBLICA";"D"
"BROTAS";"MASCULINO";"Entre 25 a 29 anos";"BA";"SOLTEIRO";"SALVADOR";"ADS";"PUBLICA";"D"
"CABULA";"MASCULINO";"Entre 25 a 29 anos";"BA";"SOLTEIRO";"SALVADOR";"ADS";"PUBLICA";"D"
"CABULA";"MASCULINO";"Entre 30 a 34 anos";"BA";"SOLTEIRO";"SALVADOR";"ADS";"PRIVADA";"D"
"CABULA";"FEMININO";"Entre 30 a 34 anos";"BA";"SOLTEIRO";"SALVADOR";"ADS";"PUBLICA";"D"
"CABULA";"MASCULINO";"Entre 30 a 34 anos";"BA";"SOLTEIRO";"SALVADOR";"ADS";"PRIVADA";"D"
"CABULA";"MASCULINO";"Entre 25 a 29 anos";"BA";"SOLTEIRO";"SALVADOR";"ADS";"PRIVADA";"D"
"CABULA";"MASCULINO";"Entre 25 a 29 anos";"BA";"SOLTEIRO";"SALVADOR";"ADS";"NAO INFORMADO";"D"
"CABULA";"MASCULINO";"Entre 25 a 29 anos";"BA";"SOLTEIRO";"SALVADOR";"ADS";"PUBLICA";"D"
"CABULA";"MASCULINO";"Entre 25 a 29 anos";"BA";"SOLTEIRO";"SALVADOR";"BES";"PUBLICA";"D"
"CABULA";"MASCULINO";"Entre 30 a 34 anos";"BA";"SOLTEIRO";"SALVADOR";"ADS";"PRIVADA";"D"
"CAIXA DAGUA";"MASCULINO";"Entre 20 a 24 anos";"BA";"CASADO";"SALVADOR";"SI";"PUBLICA";"E"
"CAIXA DAGUA";"MASCULINO";"Entre 20 a 24 anos";"BA";"SOLTEIRO";"SALVADOR";"BES";"PRIVADA";"E"
"CAIXA DAGUA";"MASCULINO";"Entre 25 a 29 anos";"BA";"SOLTEIRO";"SALVADOR";"ADS";"NAO INFORMADO";"E"
"CAIXA DAGUA";"MASCULINO";"Acima de 34 anos";"BA";"SOLTEIRO";"SALVADOR";"ADS";"PUBLICA";"E"
"CAIXA DAGUA";"MASCULINO";"Acima de 34 anos";"BA";"SOLTEIRO";"SALVADOR";"SI";"PRIVADA";"E"
"CAIXA DAGUA";"MASCULINO";"Entre 25 a 29 anos";"BA";"SOLTEIRO";"SALVADOR";"ADS";"PUBLICA";"E"
"CAJAZEIRAS";"MASCULINO";"Entre 20 a 24 anos";"BA";"SOLTEIRO";"SALVADOR";"BES";"NAO INFORMADO";"E"
"CAJAZEIRAS";"MASCULINO";"Entre 20 a 24 anos";"BA";"SOLTEIRO";"SALVADOR";"ADS";"PUBLICA";"E"
"CAJAZEIRAS";"MASCULINO";"Entre 25 a 29 anos";"BA";"SOLTEIRO";"SALVADOR";"SI";"PUBLICA";"E"
"CAJAZEIRAS";"FEMININO";"Acima de 34 anos";"BA";"SOLTEIRO";"SALVADOR";"SI";"PUBLICA";"E"
"CAJAZEIRAS";"FEMININO";"Entre 20 a 24 anos";"BA";"SOLTEIRO";"SALVADOR";"BES";"PRIVADA";"E"
"CAJAZEIRAS";"MASCULINO";"Entre 20 a 24 anos";"BA";"SOLTEIRO";"SALVADOR";"ADS";"PUBLICA";"E"
"CAJAZEIRAS";"MASCULINO";"Entre 30 a 34 anos";"BA";"DIVORCIADO";"SALVADOR";"ADS";"PUBLICA";"E"
"CAJAZEIRAS";"MASCULINO";"Entre 20 a 24 anos";"BA";"SOLTEIRO";"SALVADOR";"ADS";"PRIVADA";"E"
"CAJAZEIRAS";"MASCULINO";"Entre 20 a 24 anos";"BA";"SOLTEIRO";"OUTRAS CIDADES";"ADS";"NAO INFORMADO";"E"
"CAJAZEIRAS";"MASCULINO";"Entre 25 a 29 anos";"BA";"SOLTEIRO";"SALVADOR";"SI";"PUBLICA";"E"
"CAJAZEIRAS V";"MASCULINO";"Entre 20 a 24 anos";"BA";"SOLTEIRO";"SALVADOR";"ADS";"PRIVADA";"E"
"CAJAZEIRAS VIII";"MASCULINO";"Entre 25 a 29 anos";"BA";"SOLTEIRO";"SALVADOR";"BES";"PRIVADA";"E"
"CAJI";"MASCULINO";"Acima de 34 anos";"BA";"CASADO";"LAURO DE FREITAS";"ADS";"PUBLICA";"CNI"
"CALCADA";"MASCULINO";"Entre 30 a 34 anos";"BA";"CASADO";"SALVADOR";"BES";"NAO INFORMADO";"E"
"CAMACARI";"MASCULINO";"Entre 20 a 24 anos";"BA";"SOLTEIRO";"SALVADOR";"ADS";"PUBLICA";"CNI"
"CAMACARI DE DENTRO";"MASCULINO";"Entre 20 a 24 anos";"BA";"SOLTEIRO";"OUTRAS CIDADES";"ADS";"PUBLICA";"CNI"
"CAMPINAS DE PIRAJA";"MASCULINO";"Entre 20 a 24 anos";"BA";"SOLTEIRO";"SALVADOR";"BES";"PUBLICA";"E"
"CANABRAVA";"MASCULINO";"Entre 30 a 34 anos";"BA";"CASADO";"SALVADOR";"BES";"PUBLICA";"E"
"CANABRAVA";"MASCULINO";"Entre 15 a 19 anos";"BA";"SOLTEIRO";"SALVADOR";"BES";"PRIVADA";"E"
"CANDEAL";"MASCULINO";"Entre 30 a 34 anos";"BA";"SOLTEIRO";"SALVADOR";"ADS";"PRIVADA";"C"
"CANDEAL";"MASCULINO";"Entre 20 a 24 anos";"BA";"SOLTEIRO";"SALVADOR";"ADS";"PRIVADA";"C"
"CANDEIAS";"MASCULINO";"Entre 15 a 19 anos";"BA";"SOLTEIRO";"OUTRAS CIDADES";"BES";"PRIVADA";"CNI"
"CANELA";"MASCULINO";"Entre 20 a 24 anos";"BA";"SOLTEIRO";"SALVADOR";"BES";"PRIVADA";"C"
"CANELA";"MASCULINO";"Entre 30 a 34 anos";"BA";"SOLTEIRO";"SALVADOR";"SI";"NAO INFORMADO";"C"
"CAPELINHA";"MASCULINO";"Entre 25 a 29 anos";"BA";"SOLTEIRO";"SALVADOR";"SI";"PUBLICA";"E"
"CAPELINHA";"FEMININO";"Entre 20 a 24 anos";"BA";"SOLTEIRO";"SALVADOR";"SI";"PUBLICA";"E"
"CASTELO BRANCO";"MASCULINO";"Entre 25 a 29 anos";"BA";"SOLTEIRO";"SALVADOR";"ADS";"PUBLICA";"E"
"CASTELO BRANCO";"MASCULINO";"Entre 20 a 24 anos";"BA";"SOLTEIRO";"SALVADOR";"BES";"PRIVADA";"E"
"CASTELO BRANCO";"MASCULINO";"Entre 30 a 34 anos";"BA";"SOLTEIRO";"SALVADOR";"ADS";"NAO INFORMADO";"E"
"CASTELO BRANCO";"MASCULINO";"Entre 20 a 24 anos";"BA";"SOLTEIRO";"SALVADOR";"ADS";"PUBLICA";"E"
"CATU DE ABRANTES";"MASCULINO";"Entre 20 a 24 anos";"BA";"SOLTEIRO";"SALVADOR";"BES";"NAO INFORMADO";"CNI"
"CENTRO";"MASCULINO";"Entre 20 a 24 anos";"BA";"SOLTEIRO";"OUTRAS CIDADES";"BES";"PRIVADA";"D"
"CENTRO";"MASCULINO";"Entre 25 a 29 anos";"BA";"CASADO";"SALVADOR";"ADS";"NAO INFORMADO";"D"
"CENTRO";"MASCULINO";"Entre 20 a 24 anos";"BA";"SOLTEIRO";"OUTRAS CIDADES";"BES";"PUBLICA";"D"
"CENTRO";"MASCULINO";"Entre 20 a 24 anos";"BA";"SOLTEIRO";"OUTRAS CIDADES";"BES";"NAO INFORMADO";"D"
"CENTRO";"MASCULINO";"Entre 20 a 24 anos";"BA";"SOLTEIRO";"OUTRAS CIDADES";"SI";"PUBLICA";"D"
"CENTRO";"FEMININO";"Entre 30 a 34 anos";"BA";"SOLTEIRO";"LAURO DE FREITAS";"ADS";"NAO INFORMADO";"D"
"CENTRO";"MASCULINO";"Entre 20 a 24 anos";"BA";"SOLTEIRO";"SALVADOR";"BES";"PUBLICA";"D"
"CENTRO";"MASCULINO";"Entre 20 a 24 anos";"BA";"SOLTEIRO";"OUTRAS CIDADES";"BES";"NAO INFORMADO";"D"
"CIA ";"MASCULINO";"Entre 15 a 19 anos";"BA";"SOLTEIRO";"OUTRAS CIDADES";"BES";"NAO INFORMADO";"CNI"
"CIA II";"MASCULINO";"Acima de 34 anos";"BA";"CASADO";"OUTRAS CIDADES";"ADS";"PRIVADA";"CNI"
"COSME DE FARIAS";"MASCULINO";"Entre 25 a 29 anos";"BA";"SOLTEIRO";"SALVADOR";"ADS";"PUBLICA";"E"
"COSME DE FARIAS";"MASCULINO";"Entre 20 a 24 anos";"BA";"SOLTEIRO";"SALVADOR";"BES";"PUBLICA";"E"
"COSTA AZUL";"MASCULINO";"Entre 20 a 24 anos";"BA";"SOLTEIRO";"SALVADOR";"SI";"PRIVADA";"C"
"COUTOS";"MASCULINO";"Acima de 34 anos";"BA";"SOLTEIRO";"SALVADOR";"ADS";"PUBLICA";"E"
"COUTOS";"MASCULINO";"Acima de 34 anos";"BA";"SOLTEIRO";"SALVADOR";"ADS";"PRIVADA";"E"
"DOIS DE JULHO";"MASCULINO";"Entre 25 a 29 anos";"BA";"SOLTEIRO";"SALVADOR";"SI";"PUBLICA";"CNI"
"ENGENHO VELHO DA FEDERACAO";"MASCULINO";"Entre 30 a 34 anos";"BA";"SOLTEIRO";"SALVADOR";"ADS";"PUBLICA";"E"
"ENGENHO VELHO DA FEDERACAO";"MASCULINO";"Entre 20 a 24 anos";"BA";"SOLTEIRO";"SALVADOR";"ADS";"PRIVADA";"E"
"ENGENHO VELHO DA FEDERACAO";"MASCULINO";"Entre 20 a 24 anos";"BA";"SOLTEIRO";"SALVADOR";"SI";"NAO INFORMADO";"E"
"ENGENHO VELHO DA FEDERACAO";"MASCULINO";"Entre 25 a 29 anos";"BA";"SOLTEIRO";"SALVADOR";"ADS";"PUBLICA";"E"
"ENGENHO VELHO DE BROTAS";"MASCULINO";"Entre 25 a 29 anos";"BA";"SOLTEIRO";"SALVADOR";"ADS";"PRIVADA";"E"
"ENGENHO VELHO DE BROTAS";"MASCULINO";"Entre 25 a 29 anos";"RJ";"SOLTEIRO";"SALVADOR";"ADS";"NAO INFORMADO";"E"
"ENGOMADEIRA";"MASCULINO";"Entre 15 a 19 anos";"BA";"SOLTEIRO";"SALVADOR";"BES";"NAO INFORMADO";"E"
"ENGOMADEIRA";"MASCULINO";"Entre 25 a 29 anos";"BA";"SOLTEIRO";"SALVADOR";"ADS";"PUBLICA";"E"
"FAZENDA COUTOS";"MASCULINO";"Entre 20 a 24 anos";"BA";"SOLTEIRO";"SALVADOR";"BES";"PUBLICA";"E"
"FAZENDA GRANDE II";"MASCULINO";"Entre 20 a 24 anos";"BA";"SOLTEIRO";"SALVADOR";"ADS";"PUBLICA";"E"
"FEDERACAO";"MASCULINO";"Acima de 34 anos";"BA";"SOLTEIRO";"SALVADOR";"ADS";"PUBLICA";"E"
"FEDERACAO";"MASCULINO";"Entre 15 a 19 anos";"BA";"SOLTEIRO";"SALVADOR";"BES";"PRIVADA";"E"
"FEDERACAO";"MASCULINO";"Entre 25 a 29 anos";"BA";"SOLTEIRO";"SALVADOR";"ADS";"PUBLICA";"E"
"FEDERACAO";"FEMININO";"Entre 20 a 24 anos";"BA";"SOLTEIRO";"SALVADOR";"BES";"PRIVADA";"E"
"FEDERACAO";"MASCULINO";"Entre 20 a 24 anos";"BA";"SOLTEIRO";"SALVADOR";"BES";"PRIVADA";"E"
"FEDERACAO";"MASCULINO";"Acima de 34 anos";"BA";"SOLTEIRO";"SALVADOR";"ADS";"PUBLICA";"E"
"FEDERACAO";"MASCULINO";"Entre 20 a 24 anos";"BA";"SOLTEIRO";"SALVADOR";"BES";"PUBLICA";"E"
"FEDERACAO";"MASCULINO";"Entre 30 a 34 anos";"BA";"SOLTEIRO";"SALVADOR";"ADS";"PUBLICA";"E"
"FEDERACAO";"MASCULINO";"Entre 20 a 24 anos";"BA";"SOLTEIRO";"SALVADOR";"ADS";"NAO INFORMADO";"E"
"FEDERACAO";"MASCULINO";"Entre 30 a 34 anos";"BA";"SOLTEIRO";"SALVADOR";"BES";"PUBLICA";"E"
"GLEBA C";"MASCULINO";"Entre 20 a 24 anos";"BA";"SOLTEIRO";"SALVADOR";"BES";"PUBLICA";"CNI"
"GLEBA C";"MASCULINO";"Entre 20 a 24 anos";"BA";"SOLTEIRO";"SALVADOR";"BES";"NAO INFORMADO";"CNI"
"GLEBA E";"MASCULINO";"Entre 25 a 29 anos";"BA";"SOLTEIRO";"OUTRAS CIDADES";"BES";"PUBLICA";"CNI"
"GLEBA E";"MASCULINO";"Entre 20 a 24 anos";"SP";"SOLTEIRO";"SALVADOR";"ADS";"PUBLICA";"CNI"
"GRACA";"FEMININO";"Entre 20 a 24 anos";"BA";"SOLTEIRO";"SALVADOR";"BES";"PRIVADA";"C"
"IAPI";"MASCULINO";"Entre 25 a 29 anos";"BA";"SOLTEIRO";"SALVADOR";"BES";"PUBLICA";"E"
"IMBUI";"FEMININO";"Entre 25 a 29 anos";"BA";"SOLTEIRO";"SALVADOR";"SI";"PUBLICA";"D"
"IMBUI";"FEMININO";"Acima de 34 anos";"DF";"SOLTEIRO";"SALVADOR";"BES";"NAO INFORMADO";"D"
"IMBUI";"MASCULINO";"Entre 20 a 24 anos";"BA";"SOLTEIRO";"SALVADOR";"SI";"PRIVADA";"D"
"IMBUI";"MASCULINO";"Entre 20 a 24 anos";"BA";"SOLTEIRO";"SALVADOR";"BES";"NAO INFORMADO";"D"
"ITACARANHA";"FEMININO";"Acima de 34 anos";"BA";"SOLTEIRO";"SALVADOR";"ADS";"PUBLICA";"E"
"ITAIGARA";"MASCULINO";"Entre 25 a 29 anos";"BA";"SOLTEIRO";"SALVADOR";"ADS";"PRIVADA";"C"
"ITAIGARA";"MASCULINO";"Entre 25 a 29 anos";"BA";"SOLTEIRO";"SALVADOR";"ADS";"PRIVADA";"C"
"ITAIGARA";"FEMININO";"Entre 30 a 34 anos";"BA";"SOLTEIRO";"SALVADOR";"SI";"PRIVADA";"C"
"ITAPUA";"MASCULINO";"Entre 30 a 34 anos";"BA";"CASADO";"SALVADOR";"ADS";"PUBLICA";"E"
"ITAPUA";"MASCULINO";"Entre 20 a 24 anos";"BA";"SOLTEIRO";"SALVADOR";"BES";"PUBLICA";"E"
"ITAPUA";"MASCULINO";"Entre 30 a 34 anos";"PE";"CASADO";"SALVADOR";"BES";"NAO INFORMADO";"E"
"ITAPUA";"MASCULINO";"Entre 20 a 24 anos";"BA";"SOLTEIRO";"SALVADOR";"BES";"PRIVADA";"E"
"ITAPUA";"MASCULINO";"Entre 20 a 24 anos";"BA";"SOLTEIRO";"SALVADOR";"SI";"PUBLICA";"E"
"ITAPUA";"MASCULINO";"Entre 25 a 29 anos";"BA";"SOLTEIRO";"SALVADOR";"ADS";"PUBLICA";"E"
"ITAPUA";"MASCULINO";"Entre 20 a 24 anos";"BA";"SOLTEIRO";"SALVADOR";"SI";"PUBLICA";"E"
"ITAPUA";"MASCULINO";"Entre 15 a 19 anos";"BA";"SOLTEIRO";"SALVADOR";"BES";"NAO INFORMADO";"E"
"ITAPUA";"MASCULINO";"Entre 30 a 34 anos";"BA";"SOLTEIRO";"SALVADOR";"ADS";"PUBLICA";"E"
"ITAPUA";"MASCULINO";"Entre 20 a 24 anos";"PE";"SOLTEIRO";"SALVADOR";"BES";"PRIVADA";"E"
"ITAPUA";"MASCULINO";"Entre 30 a 34 anos";"BA";"SOLTEIRO";"SALVADOR";"SI";"NAO INFORMADO";"E"
"ITAPUA";"MASCULINO";"Entre 30 a 34 anos";"BA";"SOLTEIRO";"SALVADOR";"SI";"NAO INFORMADO";"E"
"ITAPUA";"MASCULINO";"Entre 20 a 24 anos";"BA";"SOLTEIRO";"SALVADOR";"SI";"PRIVADA";"E"
"ITAPUA";"MASCULINO";"Entre 20 a 24 anos";"BA";"SOLTEIRO";"SALVADOR";"BES";"PRIVADA";"E"
"ITAPUA";"MASCULINO";"Entre 20 a 24 anos";"BA";"SOLTEIRO";"SALVADOR";"BES";"NAO INFORMADO";"E"
"ITINGA";"MASCULINO";"Entre 20 a 24 anos";"BA";"SOLTEIRO";"LAURO DE FREITAS";"SI";"PRIVADA";"E"
"ITINGA";"MASCULINO";"Entre 30 a 34 anos";"BA";"CASADO";"LAURO DE FREITAS";"ADS";"PRIVADA";"E"
"ITINGA";"MASCULINO";"Entre 20 a 24 anos";"SP";"SOLTEIRO";"LAURO DE FREITAS";"ADS";"PUBLICA";"E"
"ITINGA";"MASCULINO";"Entre 30 a 34 anos";"BA";"SOLTEIRO";"LAURO DE FREITAS";"BES";"PUBLICA";"E"
"JARDIM ARMACAO";"MASCULINO";"Entre 15 a 19 anos";"BA";"SOLTEIRO";"SALVADOR";"BES";"PRIVADA";"C"
"JARDIM ARMACAO";"MASCULINO";"Entre 20 a 24 anos";"BA";"SOLTEIRO";"SALVADOR";"SI";"PRIVADA";"C"
"JARDIM SANTO INACIO";"MASCULINO";"Entre 25 a 29 anos";"BA";"SOLTEIRO";"SALVADOR";"ADS";"PUBLICA";"E"
"JOCKEI CLUB";"MASCULINO";"Entre 30 a 34 anos";"BA";"SOLTEIRO";"SALVADOR";"SI";"PUBLICA";"CNI"
"LAPINHA";"MASCULINO";"Entre 20 a 24 anos";"BA";"SOLTEIRO";"SALVADOR";"SI";"PUBLICA";"E"
"LAURO DE FREITAS";"MASCULINO";"Entre 30 a 34 anos";"BA";"CASADO";"LAURO DE FREITAS";"ADS";"PUBLICA";"CNI"
"LIBERDADE";"MASCULINO";"Entre 30 a 34 anos";"BA";"SOLTEIRO";"SALVADOR";"SI";"PUBLICA";"E"
"LOBATO";"MASCULINO";"Entre 30 a 34 anos";"BA";"SOLTEIRO";"SALVADOR";"ADS";"PRIVADA";"E"
"LUIZ ANSELMO";"MASCULINO";"Entre 20 a 24 anos";"BA";"SOLTEIRO";"SALVADOR";"BES";"PRIVADA";"E"
"LUIZ ANSELMO";"MASCULINO";"Entre 30 a 34 anos";"BA";"SOLTEIRO";"SALVADOR";"ADS";"PRIVADA";"E"
"LUIZ ANSELMO";"MASCULINO";"Entre 15 a 19 anos";"BA";"SOLTEIRO";"SALVADOR";"BES";"PRIVADA";"E"
"MACAUBAS";"MASCULINO";"Acima de 34 anos";"BA";"SOLTEIRO";"SALVADOR";"ADS";"PUBLICA";"E"
"MACHADO";"MASCULINO";"Entre 20 a 24 anos";"BA";"SOLTEIRO";"SALVADOR";"BES";"PUBLICA";"CNI"
"MASSARANDUBA";"FEMININO";"Entre 20 a 24 anos";"BA";"SOLTEIRO";"SALVADOR";"BES";"PRIVADA";"E"
"MASSARANDUBA";"MASCULINO";"Entre 15 a 19 anos";"BA";"SOLTEIRO";"SALVADOR";"BES";"PRIVADA";"E"
"MASSARANDUBA";"MASCULINO";"Entre 20 a 24 anos";"BA";"SOLTEIRO";"SALVADOR";"ADS";"NAO INFORMADO";"E"
"MASSARANDUBA";"MASCULINO";"Entre 30 a 34 anos";"BA";"SOLTEIRO";"SALVADOR";"ADS";"PUBLICA";"E"
"MATA ESCURA";"MASCULINO";"Acima de 34 anos";"BA";"CASADO";"SALVADOR";"ADS";"PUBLICA";"E"
"MATA ESCURA";"FEMININO";"Entre 30 a 34 anos";"BA";"SOLTEIRO";"SALVADOR";"ADS";"NAO INFORMADO";"E"
"MATA ESCURA";"MASCULINO";"Acima de 34 anos";"BA";"SOLTEIRO";"SALVADOR";"ADS";"PUBLICA";"E"
"MATATU";"FEMININO";"Entre 25 a 29 anos";"BA";"SOLTEIRO";"SALVADOR";"SI";"PUBLICA";"E"
"MONTE SERRAT";"MASCULINO";"Entre 30 a 34 anos";"BA";"SOLTEIRO";"SALVADOR";"SI";"PUBLICA";"E"
"MONTE SERRAT";"MASCULINO";"Entre 15 a 19 anos";"BA";"SOLTEIRO";"SALVADOR";"BES";"PRIVADA";"E"
"MONTE SERRAT";"FEMININO";"Entre 20 a 24 anos";"BA";"SOLTEIRO";"SALVADOR";"BES";"NAO INFORMADO";"E"
"MUSSURUNGA";"MASCULINO";"Entre 20 a 24 anos";"BA";"SOLTEIRO";"SALVADOR";"ADS";"PRIVADA";"E"
"MUSSURUNGA";"MASCULINO";"Acima de 34 anos";"BA";"SOLTEIRO";"SALVADOR";"SI";"PUBLICA";"E"
"MUSSURUNGA";"MASCULINO";"Entre 30 a 34 anos";"BA";"SOLTEIRO";"SALVADOR";"ADS";"PRIVADA";"E"
"NAZARE";"MASCULINO";"Entre 15 a 19 anos";"BA";"SOLTEIRO";"SALVADOR";"BES";"PUBLICA";"D"
"NAZARE";"FEMININO";"Entre 25 a 29 anos";"BA";"SOLTEIRO";"SALVADOR";"BES";"PUBLICA";"D"
"NORDESTE DE AMARALINA";"MASCULINO";"Entre 20 a 24 anos";"BA";"SOLTEIRO";"SALVADOR";"SI";"NAO INFORMADO";"E"
"NORDESTE DE AMARALINA";"MASCULINO";"Entre 25 a 29 anos";"BA";"SOLTEIRO";"SALVADOR";"ADS";"PUBLICA";"E"
"NOVA BRASILIA";"MASCULINO";"Entre 20 a 24 anos";"BA";"SOLTEIRO";"SALVADOR";"ADS";"PUBLICA";"CNI"
"NOVA SUSSUARANA";"MASCULINO";"Acima de 34 anos";"BA";"SOLTEIRO";"SALVADOR";"ADS";"PRIVADA";"E"
"NOVO HORIZONTE";"MASCULINO";"Entre 25 a 29 anos";"BA";"SOLTEIRO";"SALVADOR";"ADS";"PUBLICA";"E"
"ONDINA";"MASCULINO";"Entre 30 a 34 anos";"BA";"SOLTEIRO";"SALVADOR";"ADS";"PUBLICA";"C"
"PARIPE";"MASCULINO";"Acima de 34 anos";"BA";"SOLTEIRO";"SALVADOR";"ADS";"PUBLICA";"E"
"PATAMARES";"MASCULINO";"Entre 15 a 19 anos";"BA";"SOLTEIRO";"SALVADOR";"BES";"NAO INFORMADO";"C"
"PAU DA LIMA";"MASCULINO";"Entre 25 a 29 anos";"BA";"SOLTEIRO";"SALVADOR";"ADS";"PUBLICA";"E"
"PAU DA LIMA";"FEMININO";"Entre 20 a 24 anos";"BA";"SOLTEIRO";"SALVADOR";"SI";"PRIVADA";"E"
"PAU DA LIMA";"MASCULINO";"Entre 25 a 29 anos";"BA";"SOLTEIRO";"SALVADOR";"ADS";"PRIVADA";"E"
"PEDRA ALTA";"FEMININO";"Entre 20 a 24 anos";"BA";"SOLTEIRO";"OUTRAS CIDADES";"SI";"PUBLICA";"CNI"
"PERIPERI";"MASCULINO";"Entre 20 a 24 anos";"BA";"SOLTEIRO";"SALVADOR";"BES";"NAO INFORMADO";"E"
"PERNAMBUES";"MASCULINO";"Entre 15 a 19 anos";"BA";"SOLTEIRO";"SALVADOR";"BES";"NAO INFORMADO";"E"
"PERNAMBUES";"MASCULINO";"Entre 20 a 24 anos";"BA";"SOLTEIRO";"SALVADOR";"ADS";"PUBLICA";"E"
"PERNAMBUES";"MASCULINO";"Entre 25 a 29 anos";"BA";"SOLTEIRO";"SALVADOR";"ADS";"NAO INFORMADO";"E"
"PERNAMBUES";"MASCULINO";"Entre 25 a 29 anos";"BA";"SOLTEIRO";"SALVADOR";"ADS";"PUBLICA";"E"
"PERNAMBUES";"MASCULINO";"Entre 20 a 24 anos";"BA";"SOLTEIRO";"SALVADOR";"BES";"PRIVADA";"E"
"PERNAMBUES";"MASCULINO";"Entre 25 a 29 anos";"BA";"SOLTEIRO";"SALVADOR";"ADS";"PRIVADA";"E"
"PERNAMBUES";"MASCULINO";"Entre 30 a 34 anos";"BA";"SOLTEIRO";"SALVADOR";"ADS";"NAO INFORMADO";"E"
"PERNAMBUES";"MASCULINO";"Entre 30 a 34 anos";"BA";"CASADO";"SALVADOR";"ADS";"PUBLICA";"E"
"PERNAMBUES";"MASCULINO";"Entre 15 a 19 anos";"BA";"SOLTEIRO";"SALVADOR";"BES";"NAO INFORMADO";"E"
"PERO VAZ";"MASCULINO";"Entre 30 a 34 anos";"BA";"SOLTEIRO";"SALVADOR";"ADS";"PUBLICA";"E"
"PERO VAZ";"MASCULINO";"Entre 30 a 34 anos";"BA";"SOLTEIRO";"SALVADOR";"SI";"PUBLICA";"E"
"PERO VAZ";"MASCULINO";"Entre 25 a 29 anos";"BA";"SOLTEIRO";"SALVADOR";"SI";"PUBLICA";"E"
"PIACAVEIRA";"MASCULINO";"Entre 20 a 24 anos";"BA";"SOLTEIRO";"SALVADOR";"BES";"PUBLICA";"CNI"
"PIATA";"MASCULINO";"Entre 20 a 24 anos";"BA";"SOLTEIRO";"SALVADOR";"BES";"NAO INFORMADO";"C"
"PIATA";"MASCULINO";"Entre 20 a 24 anos";"BA";"SOLTEIRO";"SALVADOR";"SI";"NAO INFORMADO";"C"
"PIRAJA";"MASCULINO";"Entre 20 a 24 anos";"BA";"SOLTEIRO";"SALVADOR";"BES";"PUBLICA";"E"
"PIRAJA";"MASCULINO";"Entre 30 a 34 anos";"BA";"SOLTEIRO";"SALVADOR";"ADS";"PUBLICA";"E"
"PITANGA";"MASCULINO";"Entre 15 a 19 anos";"BA";"SOLTEIRO";"OUTRAS CIDADES";"BES";"PUBLICA";"CNI"
"PITANGUEIRAS";"MASCULINO";"Entre 15 a 19 anos";"BA";"SOLTEIRO";"LAURO DE FREITAS";"BES";"PRIVADA";"CNI"
"PITANGUEIRAS";"MASCULINO";"Entre 15 a 19 anos";"BA";"SOLTEIRO";"LAURO DE FREITAS";"BES";"NAO INFORMADO";"CNI"
"PITANGUEIRAS";"MASCULINO";"Entre 20 a 24 anos";"BA";"SOLTEIRO";"LAURO DE FREITAS";"BES";"PRIVADA";"CNI"
"PITUACU";"MASCULINO";"Acima de 34 anos";"BA";"CASADO";"SALVADOR";"ADS";"PUBLICA";"E"
"PITUACU";"MASCULINO";"Entre 15 a 19 anos";"BA";"SOLTEIRO";"SALVADOR";"BES";"NAO INFORMADO";"E"
"PITUBA";"MASCULINO";"Entre 20 a 24 anos";"BA";"SOLTEIRO";"SALVADOR";"ADS";"PUBLICA";"C"
"PITUBA";"MASCULINO";"Entre 15 a 19 anos";"BA";"SOLTEIRO";"SALVADOR";"BES";"PRIVADA";"C"
"PITUBA";"MASCULINO";"Entre 20 a 24 anos";"BA";"SOLTEIRO";"SALVADOR";"ADS";"PUBLICA";"C"
"PITUBA";"MASCULINO";"Entre 20 a 24 anos";"BA";"SOLTEIRO";"SALVADOR";"SI";"PRIVADA";"C"
"PITUBA";"MASCULINO";"Acima de 34 anos";"BA";"UNIAO ESTAVEL";"SALVADOR";"ADS";"PUBLICA";"C"
"PITUBA";"MASCULINO";"Entre 20 a 24 anos";"BA";"SOLTEIRO";"SALVADOR";"BES";"PUBLICA";"C"
"PLATAFORMA";"MASCULINO";"Entre 25 a 29 anos";"BA";"SOLTEIRO";"SALVADOR";"ADS";"PUBLICA";"E"
"PLATAFORMA";"FEMININO";"Entre 25 a 29 anos";"BA";"SOLTEIRO";"SALVADOR";"ADS";"PUBLICA";"E"
"POLITEAMA";"MASCULINO";"Acima de 34 anos";"BA";"DIVORCIADO";"SALVADOR";"ADS";"PUBLICA";"CNI"
"POLITEAMA";"MASCULINO";"Acima de 34 anos";"BA";"SOLTEIRO";"SALVADOR";"ADS";"PUBLICA";"CNI"
"RECANTO DOS PASSAROS";"MASCULINO";"Entre 20 a 24 anos";"BA";"SOLTEIRO";"OUTRAS CIDADES";"BES";"PUBLICA";"CNI"
"RIACHINHO";"MASCULINO";"Entre 15 a 19 anos";"BA";"SOLTEIRO";"OUTRAS CIDADES";"BES";"PUBLICA";"CNI"
"RIBEIRA";"MASCULINO";"Entre 25 a 29 anos";"BA";"SOLTEIRO";"SALVADOR";"SI";"PUBLICA";"E"
"RIO VERMELHO";"MASCULINO";"Acima de 34 anos";"BA";"SOLTEIRO";"SALVADOR";"SI";"PRIVADA";"C"
"RIO VERMELHO";"MASCULINO";"Entre 20 a 24 anos";"BA";"SOLTEIRO";"SALVADOR";"ADS";"PUBLICA";"C"
"RIO VERMELHO";"MASCULINO";"Entre 30 a 34 anos";"BA";"SOLTEIRO";"SALVADOR";"ADS";"NAO INFORMADO";"C"
"RIO VERMELHO";"MASCULINO";"Entre 25 a 29 anos";"BA";"SOLTEIRO";"SALVADOR";"ADS";"PUBLICA";"C"
"RUA OSCAR PINHEIRO";"MASCULINO";"Entre 20 a 24 anos";"BA";"SOLTEIRO";"OUTRAS CIDADES";"BES";"PUBLICA";"CNI"
"SABOEIRO";"MASCULINO";"Entre 30 a 34 anos";"RJ";"SOLTEIRO";"SALVADOR";"ADS";"PUBLICA";"D"
"SABOEIRO";"MASCULINO";"Entre 20 a 24 anos";"BA";"SOLTEIRO";"SALVADOR";"BES";"PRIVADA";"D"
"SABOEIRO";"MASCULINO";"Entre 25 a 29 anos";"BA";"CASADO";"SALVADOR";"ADS";"PUBLICA";"D"
"SANTA CRUZ";"FEMININO";"Entre 20 a 24 anos";"BA";"SOLTEIRO";"SALVADOR";"ADS";"PUBLICA";"E"
"SANTA CRUZ";"MASCULINO";"Acima de 34 anos";"BA";"DIVORCIADO";"SALVADOR";"ADS";"PUBLICA";"E"
"SANTA CRUZ";"MASCULINO";"Entre 20 a 24 anos";"BA";"SOLTEIRO";"SALVADOR";"BES";"PUBLICA";"E"
"SANTA CRUZ";"MASCULINO";"Entre 25 a 29 anos";"BA";"SOLTEIRO";"SALVADOR";"ADS";"PUBLICA";"E"
"SANTA MONICA";"MASCULINO";"Entre 30 a 34 anos";"BA";"SOLTEIRO";"SALVADOR";"BES";"PUBLICA";"E"
"SANTA MONICA";"MASCULINO";"Entre 25 a 29 anos";"BA";"SOLTEIRO";"SALVADOR";"BES";"PUBLICA";"E"
"SANTO ANTONIO";"FEMININO";"Entre 20 a 24 anos";"BA";"SOLTEIRO";"SALVADOR";"BES";"PRIVADA";"E"
"SANTO ANTONIO";"MASCULINO";"Entre 20 a 24 anos";"BA";"SOLTEIRO";"SALVADOR";"BES";"PRIVADA";"E"
"SAO CAETANO";"FEMININO";"Entre 25 a 29 anos";"BA";"SOLTEIRO";"SALVADOR";"SI";"PUBLICA";"E"
"SAO CAETANO";"MASCULINO";"Entre 15 a 19 anos";"BA";"SOLTEIRO";"SALVADOR";"BES";"NAO INFORMADO";"E"
"SAO CAETANO";"MASCULINO";"Entre 30 a 34 anos";"BA";"SOLTEIRO";"SALVADOR";"ADS";"PUBLICA";"E"
"SAO CRISTOVAO";"MASCULINO";"Entre 15 a 19 anos";"BA";"SOLTEIRO";"SALVADOR";"BES";"PUBLICA";"E"
"SAO CRISTOVAO";"MASCULINO";"Entre 30 a 34 anos";"BA";"SOLTEIRO";"SALVADOR";"SI";"PUBLICA";"E"
"SAO CRISTOVAO";"MASCULINO";"Entre 25 a 29 anos";"BA";"SOLTEIRO";"SALVADOR";"ADS";"PRIVADA";"E"
"SAO JOAO DO CABRITO";"MASCULINO";"Acima de 34 anos";"BA";"UNIAO ESTAVEL";"SALVADOR";"ADS";"PUBLICA";"E"
"SAO JOAO DO CABRITO";"MASCULINO";"Entre 25 a 29 anos";"BA";"SOLTEIRO";"SALVADOR";"ADS";"PRIVADA";"E"
"SAO JOSE";"MASCULINO";"Entre 20 a 24 anos";"BA";"SOLTEIRO";"OUTRAS CIDADES";"BES";"NAO INFORMADO";"CNI"
"SAO MARCOS";"MASCULINO";"Entre 15 a 19 anos";"BA";"SOLTEIRO";"SALVADOR";"BES";"NAO INFORMADO";"E"
"SAO MARCOS";"MASCULINO";"Entre 20 a 24 anos";"BA";"SOLTEIRO";"SALVADOR";"BES";"PRIVADA";"E"
"SAO MARCOS";"MASCULINO";"Entre 20 a 24 anos";"BA";"SOLTEIRO";"SALVADOR";"ADS";"NAO INFORMADO";"E"
"SAO MARCOS";"MASCULINO";"Entre 20 a 24 anos";"BA";"SOLTEIRO";"SALVADOR";"SI";"PUBLICA";"E"
"SAO MARCOS";"MASCULINO";"Entre 20 a 24 anos";"BA";"SEPARADO";"SALVADOR";"BES";"NAO INFORMADO";"E"
"SAO MARCOS";"MASCULINO";"Entre 25 a 29 anos";"BA";"SOLTEIRO";"SALVADOR";"SI";"PUBLICA";"E"
"SAO MARCOS";"MASCULINO";"Entre 25 a 29 anos";"BA";"SOLTEIRO";"SALVADOR";"ADS";"NAO INFORMADO";"E"
"SAO MARCOS";"MASCULINO";"Entre 20 a 24 anos";"BA";"SOLTEIRO";"SALVADOR";"SI";"PUBLICA";"E"
"SAO MARCOS";"MASCULINO";"Entre 25 a 29 anos";"BA";"CASADO";"SALVADOR";"ADS";"PUBLICA";"E"
"SAO MARCOS";"MASCULINO";"Entre 30 a 34 anos";"BA";"SOLTEIRO";"SALVADOR";"ADS";"PRIVADA";"E"
"SAO MARCOS";"MASCULINO";"Entre 25 a 29 anos";"BA";"CASADO";"SALVADOR";"ADS";"PUBLICA";"E"
"SETE DE ABRIL";"MASCULINO";"Entre 20 a 24 anos";"BA";"SOLTEIRO";"SALVADOR";"SI";"PUBLICA";"E"
"SETE DE ABRIL";"FEMININO";"Entre 25 a 29 anos";"BA";"CASADO";"SALVADOR";"SI";"PUBLICA";"E"
"SIEIRO";"FEMININO";"Entre 25 a 29 anos";"BA";"SOLTEIRO";"SALVADOR";"SI";"NAO INFORMADO";"CNI"
"SIMOES FILHO";"MASCULINO";"Entre 25 a 29 anos";"BA";"SOLTEIRO";"OUTRAS CIDADES";"ADS";"PUBLICA";"CNI"
"STELLA MARIS";"MASCULINO";"Entre 20 a 24 anos";"BA";"SOLTEIRO";"SALVADOR";"BES";"PRIVADA";"C"
"STIEP";"MASCULINO";"Entre 25 a 29 anos";"BA";"SOLTEIRO";"SALVADOR";"SI";"PRIVADA";"C"
"STIEP";"MASCULINO";"Entre 20 a 24 anos";"BA";"SOLTEIRO";"SALVADOR";"ADS";"PRIVADA";"C"
"SUSSUARANA";"MASCULINO";"Entre 25 a 29 anos";"BA";"SOLTEIRO";"SALVADOR";"ADS";"NAO INFORMADO";"E"
"SUSSUARANA";"MASCULINO";"Entre 20 a 24 anos";"BA";"SOLTEIRO";"SALVADOR";"SI";"PUBLICA";"E"
"SUSSUARANA";"MASCULINO";"Entre 30 a 34 anos";"BA";"SOLTEIRO";"SALVADOR";"ADS";"PUBLICA";"E"
"SUSSUARANA";"MASCULINO";"Entre 25 a 29 anos";"BA";"SOLTEIRO";"SALVADOR";"ADS";"PUBLICA";"E"
"SUSSUARANA";"FEMININO";"Entre 25 a 29 anos";"BA";"UNIAO ESTAVEL";"SALVADOR";"ADS";"PUBLICA";"E"
"SUSSUARANA";"MASCULINO";"Entre 15 a 19 anos";"BA";"SOLTEIRO";"SALVADOR";"ADS";"PUBLICA";"E"
"TAPIRAIPE";"MASCULINO";"Entre 20 a 24 anos";"BA";"SOLTEIRO";"OUTRAS CIDADES";"ADS";"NAO INFORMADO";"CNI"
"TORORO";"MASCULINO";"Entre 20 a 24 anos";"BA";"SOLTEIRO";"SALVADOR";"BES";"PUBLICA";"E"
"TROBOGY";"MASCULINO";"Entre 20 a 24 anos";"BA";"SOLTEIRO";"SALVADOR";"SI";"NAO INFORMADO";"E"
"TROBOGY";"MASCULINO";"Entre 25 a 29 anos";"BA";"SOLTEIRO";"SALVADOR";"ADS";"PUBLICA";"E"
"TROBOGY";"FEMININO";"Entre 20 a 24 anos";"BA";"SOLTEIRO";"SALVADOR";"BES";"PUBLICA";"E"
"TROBOGY";"MASCULINO";"Entre 15 a 19 anos";"BA";"SOLTEIRO";"SALVADOR";"BES";"NAO INFORMADO";"E"
"URUGUAI";"MASCULINO";"Entre 25 a 29 anos";"BA";"SOLTEIRO";"SALVADOR";"ADS";"PUBLICA";"E"
"URUGUAI";"MASCULINO";"Entre 20 a 24 anos";"BA";"SOLTEIRO";"SALVADOR";"ADS";"PUBLICA";"E"
"VALE DOS LAGOS";"FEMININO";"Entre 20 a 24 anos";"BA";"SOLTEIRO";"SALVADOR";"ADS";"PUBLICA";"E"
"VALERIA";"MASCULINO";"Entre 30 a 34 anos";"BA";"SOLTEIRO";"SALVADOR";"SI";"NAO INFORMADO";"E"
"VALERIA";"MASCULINO";"Entre 25 a 29 anos";"BA";"SOLTEIRO";"SALVADOR";"ADS";"PRIVADA";"E"
"VILA CANARIA";"MASCULINO";"Entre 25 a 29 anos";"BA";"SOLTEIRO";"SALVADOR";"ADS";"PUBLICA";"E"
"VILA LAURA";"MASCULINO";"Entre 20 a 24 anos";"BA";"SOLTEIRO";"SALVADOR";"BES";"PUBLICA";"D"
"VILA LAURA";"MASCULINO";"Acima de 34 anos";"BA";"SOLTEIRO";"SALVADOR";"ADS";"PUBLICA";"D"
"VILA LAURA";"MASCULINO";"Entre 20 a 24 anos";"BA";"SOLTEIRO";"SALVADOR";"BES";"PRIVADA";"D"
"VILA RUY BARBOSA/JARDIM CRUZEIRO";"MASCULINO";"Entre 20 a 24 anos";"BA";"SOLTEIRO";"SALVADOR";"BES";"PUBLICA";"E"
"VILA RUY BARBOSA/JARDIM CRUZEIRO";"FEMININO";"Entre 30 a 34 anos";"BA";"SOLTEIRO";"SALVADOR";"ADS";"PUBLICA";"E"
"VILA RUY BARBOSA/JARDIM CRUZEIRO";"FEMININO";"Acima de 34 anos";"BA";"UNIAO ESTAVEL";"SALVADOR";"ADS";"PUBLICA";"E"
"VITORIA";"MASCULINO";"Acima de 34 anos";"BA";"SOLTEIRO";"SALVADOR";"ADS";"PUBLICA";"C"
